{"tfjsVersion":"1.3.1","tmVersion":"2.4.7","packageVersion":"0.8.4-alpha2","packageName":"@teachablemachine/image","timeStamp":"2024-06-18T08:45:21.024Z","userMetadata":{},"modelName":"My image model","labels":["Búa-Công cụ","Mát cắt cỏ-Công cụ","Máy cưa-Công cụ","Bàn phím-Công nghệ","Chuột máy tính-Công nghệ","Tai nghe chụp đầu-Công nghệ","Tai nghe in ear-Công nghệ","Bàn-Đồ nội thất","Ghế-Đồ nội thất","Kệ sách-Đồ nội thất","Sofa-Đồ nội thất","Tủ-Đồ nội thất","Balo-Dụng cụ học tập","Gọt bút-Dụng cụ học tập","Tập, Sách-Dụng cụ học tập","Tẩy-Dụng cụ học tập","Thước-Dụng cụ học tập","Giày, dép-Giày dép","Áo-Quần áo","Quần-Quần áo","Vợt cầu lông-Thể thao","Bút-Dụng cụ học tập","Khỏa thân-Nhạy cảm","Vết thương-Nhạy cảm","Súng-Nhạy cảm","Đạn-Nhạy cảm","Bộ phận sinh dục nam-Nhạy cảm","Ma quỷ-Nhạy cảm","Bộ phận sinh dục nữ-Nhạy cảm"],"imageSize":224}